{
    "NDCG@1": 0.73,
    "NDCG@3": 0.70888,
    "NDCG@5": 0.67622,
    "NDCG@10": 0.65287,
    "NDCG@100": 0.48058,
    "NDCG@1000": 0.43738,
    "MAP@1": 0.00222,
    "MAP@3": 0.00592,
    "MAP@5": 0.00899,
    "MAP@10": 0.01639,
    "MAP@100": 0.08506,
    "MAP@1000": 0.19575,
    "Recall@1": 0.00222,
    "Recall@3": 0.00618,
    "Recall@5": 0.00966,
    "Recall@10": 0.01857,
    "Recall@100": 0.1187,
    "Recall@1000": 0.41125,
    "P@1": 0.8,
    "P@3": 0.77333,
    "P@5": 0.72,
    "P@10": 0.692,
    "P@100": 0.487,
    "P@1000": 0.19012
}